{
  "rx": 0.9143426294820717,
  "ry": 0.0,
  "rw": 0.08964143426294821,
  "rh": 1.0
}