{
  "rx": 0.0,
  "ry": 0.0024752475247524753,
  "rw": 0.09393346379647749,
  "rh": 0.995049504950495
}