{
  "rx": 0.8986615678776291,
  "ry": -0.004889975550122249,
  "rw": 0.0994263862332696,
  "rh": 1.0048899755501222
}